threshold,on_answered,on_total,on_answered_pct,off_blocked,off_total,off_blocked_pct,balance
0.50,50,50,100.0,1,13,7.7,53.8
0.51,50,50,100.0,1,13,7.7,53.8
0.52,50,50,100.0,2,13,15.4,57.7
0.53,50,50,100.0,5,13,38.5,69.2
0.54,50,50,100.0,10,13,76.9,88.5
0.55,50,50,100.0,11,13,84.6,92.3
0.56,50,50,100.0,12,13,92.3,96.2
0.57,50,50,100.0,12,13,92.3,96.2
0.58,50,50,100.0,13,13,100.0,100.0
0.59,50,50,100.0,13,13,100.0,100.0
0.60,49,50,98.0,13,13,100.0,99.0
0.61,49,50,98.0,13,13,100.0,99.0
0.62,49,50,98.0,13,13,100.0,99.0
0.63,49,50,98.0,13,13,100.0,99.0
0.64,49,50,98.0,13,13,100.0,99.0
0.65,48,50,96.0,13,13,100.0,98.0
0.66,48,50,96.0,13,13,100.0,98.0
0.67,48,50,96.0,13,13,100.0,98.0
0.68,48,50,96.0,13,13,100.0,98.0
0.69,46,50,92.0,13,13,100.0,96.0
0.70,46,50,92.0,13,13,100.0,96.0
0.71,46,50,92.0,13,13,100.0,96.0
0.72,46,50,92.0,13,13,100.0,96.0
0.73,45,50,90.0,13,13,100.0,95.0
0.74,42,50,84.0,13,13,100.0,92.0
0.75,41,50,82.0,13,13,100.0,91.0
0.76,41,50,82.0,13,13,100.0,91.0
0.77,38,50,76.0,13,13,100.0,88.0
0.78,37,50,74.0,13,13,100.0,87.0
0.79,31,50,62.0,13,13,100.0,81.0
0.80,31,50,62.0,13,13,100.0,81.0
0.81,28,50,56.0,13,13,100.0,78.0
0.82,26,50,52.0,13,13,100.0,76.0
0.83,20,50,40.0,13,13,100.0,70.0
0.84,17,50,34.0,13,13,100.0,67.0
0.85,13,50,26.0,13,13,100.0,63.0
0.86,8,50,16.0,13,13,100.0,58.0
0.87,7,50,14.0,13,13,100.0,57.0
0.88,6,50,12.0,13,13,100.0,56.0
0.89,5,50,10.0,13,13,100.0,55.0
0.90,4,50,8.0,13,13,100.0,54.0
